usernames,post_captions,like_counts,comments_counts,comments_content,comment_user,types,id,post_lang,comment_lang,lang_comb
koma.kw,I'M BACK ğŸŒ| #KOMAsummer #coffee #coffeelover #coffeelover #coffeetime #coffeeaddict #coffeeshop #coffeehouse #kuwait,-1,14,ğŸ˜ğŸ˜,2lhresh,GraphImage,2336207326849247582,en,Emjoi or No Caption,enEmjoi or No Caption
koma.kw,I'M BACK ğŸŒ| #KOMAsummer #coffee #coffeelover #coffeelover #coffeetime #coffeeaddict #coffeeshop #coffeehouse #kuwait,-1,14,Welcome back ğŸ˜ğŸ˜ğŸ˜,craf.ten,GraphImage,2336207326849247582,en,en,enen
koma.kw,I'M BACK ğŸŒ| #KOMAsummer #coffee #coffeelover #coffeelover #coffeetime #coffeeaddict #coffeeshop #coffeehouse #kuwait,-1,14,â¤ï¸ğŸ˜,ebraalfouzan,GraphImage,2336207326849247582,en,Emjoi or No Caption,enEmjoi or No Caption
koma.kw,I'M BACK ğŸŒ| #KOMAsummer #coffee #coffeelover #coffeelover #coffeetime #coffeeaddict #coffeeshop #coffeehouse #kuwait,-1,14,@2lhresh â¤ï¸,koma.kw,GraphImage,2336207326849247582,en,Emjoi or No Caption,enEmjoi or No Caption
koma.kw,I'M BACK ğŸŒ| #KOMAsummer #coffee #coffeelover #coffeelover #coffeetime #coffeeaddict #coffeeshop #coffeehouse #kuwait,-1,14,@craf.ten â¤ï¸,koma.kw,GraphImage,2336207326849247582,en,Emjoi or No Caption,enEmjoi or No Caption
koma.kw,I'M BACK ğŸŒ| #KOMAsummer #coffee #coffeelover #coffeelover #coffeetime #coffeeaddict #coffeeshop #coffeehouse #kuwait,-1,14,@ebraalfouzan â¤ï¸,koma.kw,GraphImage,2336207326849247582,en,Emjoi or No Caption,enEmjoi or No Caption
koma.kw,I'M BACK ğŸŒ| #KOMAsummer #coffee #coffeelover #coffeelover #coffeetime #coffeeaddict #coffeeshop #coffeehouse #kuwait,-1,14,ğŸ”¥,latte_lover.kw,GraphImage,2336207326849247582,en,Emjoi or No Caption,enEmjoi or No Caption
koma.kw,I'M BACK ğŸŒ| #KOMAsummer #coffee #coffeelover #coffeelover #coffeetime #coffeeaddict #coffeeshop #coffeehouse #kuwait,-1,14,ÙŠØµÙ„Ø­ Ø­Ù‚ Ù‡Ø§Ù„Ø¬Ùˆ ğŸ˜,k_alasfar,GraphImage,2336207326849247582,en,ar,enar
koma.kw,I'M BACK ğŸŒ| #KOMAsummer #coffee #coffeelover #coffeelover #coffeetime #coffeeaddict #coffeeshop #coffeehouse #kuwait,-1,14,ğŸ˜,fahadalshaamri,GraphImage,2336207326849247582,en,Emjoi or No Caption,enEmjoi or No Caption
koma.kw,I'M BACK ğŸŒ| #KOMAsummer #coffee #coffeelover #coffeelover #coffeetime #coffeeaddict #coffeeshop #coffeehouse #kuwait,-1,14,ğŸ˜ğŸ’™,eng.caffeine,GraphImage,2336207326849247582,en,Emjoi or No Caption,enEmjoi or No Caption
koma.kw,I'M BACK ğŸŒ| #KOMAsummer #coffee #coffeelover #coffeelover #coffeetime #coffeeaddict #coffeeshop #coffeehouse #kuwait,-1,14,Ø¬Ø§Ø¡Øª Ù…ÙØ¹ÙØ°Ù‘ÙØ¨ÙØªÙŠ ÙÙŠ ØºÙŠÙ‡Ø¨ Ø§Ù„ØºØ³Ù‚Ù .. ğŸ˜ğŸ˜ğŸ˜,sulaiman_alsaeed,GraphImage,2336207326849247582,en,ar,enar
koma.kw,I'M BACK ğŸŒ| #KOMAsummer #coffee #coffeelover #coffeelover #coffeetime #coffeeaddict #coffeeshop #coffeehouse #kuwait,-1,14,Ø´ÙŠ Ù‚ÙˆÙˆÙˆÙˆÙŠ Ù…Ù† ÙˆØ§Ù‚Ø¹ ØªØ¬Ø±Ø¨Ù‡ ğŸ‘,aldughaem,GraphImage,2336207326849247582,en,ar,enar
koma.kw,I'M BACK ğŸŒ| #KOMAsummer #coffee #coffeelover #coffeelover #coffeetime #coffeeaddict #coffeeshop #coffeehouse #kuwait,-1,14,ÙˆØ§Ø®ÙŠØ±Ø§ â¤ğŸ‘ğŸ»ğŸ‘ğŸ»,bo_faris_almarshoud,GraphImage,2336207326849247582,en,ar,enar
koma.kw,I'M BACK ğŸŒ| #KOMAsummer #coffee #coffeelover #coffeelover #coffeetime #coffeeaddict #coffeeshop #coffeehouse #kuwait,-1,14,ÙŠØ¨ÙŠÙ„Ù‡ ÙˆØ§Ø­Ø¯ ÙŠØ¶Ø¨Ø· Ø§Ù„Ù…Ø²Ø§Ø¬ ğŸ˜,eng_b_alm,GraphImage,2336207326849247582,en,ar,enar
koma.kw,COLD BREW ğŸ‡µğŸ‡¦ | #KOMAdelivery #coffeelover #panama #kuwait,-1,10,ğŸ‡µğŸ‡¦ panama ğŸ‡µğŸ‡¦ ğŸ”¥ğŸ”¥ğŸ”¥ğŸ”¥,t_almutairi,GraphImage,2299411962708246532,en,en,enen
koma.kw,COLD BREW ğŸ‡µğŸ‡¦ | #KOMAdelivery #coffeelover #panama #kuwait,-1,10,Ø¹Ù† ØªØ¬Ø±Ø¨Ù‡ Ù‚ÙˆÙˆÙˆÙˆÙˆÙˆÙˆÙŠÙ‡ ğŸ‘,aldughaem,GraphImage,2299411962708246532,en,ar,enar
koma.kw,COLD BREW ğŸ‡µğŸ‡¦ | #KOMAdelivery #coffeelover #panama #kuwait,-1,10,@t_almutairi ğŸ™ğŸ»ğŸ™ğŸ»ğŸ™ğŸ»,koma.kw,GraphImage,2299411962708246532,en,Emjoi or No Caption,enEmjoi or No Caption
koma.kw,COLD BREW ğŸ‡µğŸ‡¦ | #KOMAdelivery #coffeelover #panama #kuwait,-1,10,@aldughaem ÙŠØ³Ø¹Ø¯Ù†Ø§ Ø±Ø§ÙŠÙƒ ÙˆØ¹Ù„ÙŠÙƒ Ø¨Ø£Ù„Ù Ø¹Ø§ÙÙŠØ© â˜ºï¸,koma.kw,GraphImage,2299411962708246532,en,ar,enar
koma.kw,COLD BREW ğŸ‡µğŸ‡¦ | #KOMAdelivery #coffeelover #panama #kuwait,-1,10,Ø§Ù„ÙƒØ§ÙÙŠÙ‡ Ø­ØªÙ‰ Ø§Ù„Ø­ÙŠÙ† Ù…Ø³ÙƒØ± ØŸ,bo_faris_almarshoud,GraphImage,2299411962708246532,en,ar,enar
koma.kw,COLD BREW ğŸ‡µğŸ‡¦ | #KOMAdelivery #coffeelover #panama #kuwait,-1,10,@bo_faris_almarshoud Ø§ÙŠ Ù†Ø¹Ù… Ø§Ø¹ØªØ°Ø± Ù…Ù†Ùƒ Ø¨Ø£Ù‚Ø±Ø¨ ÙˆÙ‚Øª Ø±Ø§Ø­ Ù†Ø±Ø¬Ø¹ Ø§Ù† Ø´Ø§Ø¡ Ø§Ù„Ù„Ù‡ ÙˆÙ†Ø¨Ù„ØºÙƒÙ…,koma.kw,GraphImage,2299411962708246532,en,ar,enar
koma.kw,COLD BREW ğŸ‡µğŸ‡¦ | #KOMAdelivery #coffeelover #panama #kuwait,-1,10,@koma.kw Ø¨Ø§Ù†ØªØ¸Ø§Ø± Ø¹ÙˆØ¯ØªÙƒÙ… Ø§Ù† Ø´Ø§Ø¡Ø§Ù„Ù„Ù‡ ğŸ‘ğŸ»,bo_faris_almarshoud,GraphImage,2299411962708246532,en,ar,enar
koma.kw,COLD BREW ğŸ‡µğŸ‡¦ | #KOMAdelivery #coffeelover #panama #kuwait,-1,10,ÙØªØ­ØªÙˆ ÙˆÙ„Ø§ Ø¨Ø¹Ø¯ ØŸ,talalalkhaldiii,GraphImage,2299411962708246532,en,ar,enar
koma.kw,COLD BREW ğŸ‡µğŸ‡¦ | #KOMAdelivery #coffeelover #panama #kuwait,-1,10,@talalalkhaldiii Ù‚Ø±ÙŠØ¨ Ø§Ù† Ø´Ø§Ø¡ Ø§Ù„Ù„Ù‡ â˜ºï¸,koma.kw,GraphImage,2299411962708246532,en,ar,enar
koma.kw,GATHERING BOX ğŸ“¦ | #KOMAvibes,-1,10,ğŸ˜,kounoz_3542,GraphImage,2295232275312533228,en,Emjoi or No Caption,enEmjoi or No Caption
koma.kw,GATHERING BOX ğŸ“¦ | #KOMAvibes,-1,10,ğŸ˜ğŸ˜ Ø§Ù„ØµÙˆØ± Ù†Ø§Ø±ÙŠÙ‡,food_testerkw,GraphImage,2295232275312533228,en,ar,enar
koma.kw,GATHERING BOX ğŸ“¦ | #KOMAvibes,-1,10,@food_testerkw ğŸ˜,koma.kw,GraphImage,2295232275312533228,en,Emjoi or No Caption,enEmjoi or No Caption
koma.kw,GATHERING BOX ğŸ“¦ | #KOMAvibes,-1,10,@kounoz_3542 ğŸŒ·,koma.kw,GraphImage,2295232275312533228,en,Emjoi or No Caption,enEmjoi or No Caption
koma.kw,GATHERING BOX ğŸ“¦ | #KOMAvibes,-1,10,All shades of coffee ğŸ”¥ğŸ˜,blog.gahwa,GraphImage,2295232275312533228,en,en,enen
koma.kw,GATHERING BOX ğŸ“¦ | #KOMAvibes,-1,10,@blog.gahwa â˜ºï¸,koma.kw,GraphImage,2295232275312533228,en,Emjoi or No Caption,enEmjoi or No Caption
koma.kw,GATHERING BOX ğŸ“¦ | #KOMAvibes,-1,10,ğŸ˜ğŸ˜,fs_alrashidi,GraphImage,2295232275312533228,en,Emjoi or No Caption,enEmjoi or No Caption
koma.kw,GATHERING BOX ğŸ“¦ | #KOMAvibes,-1,10,Ø¬Ù…,f6oooma2,GraphImage,2295232275312533228,en,ar,enar
koma.kw,GATHERING BOX ğŸ“¦ | #KOMAvibes,-1,10,@f6oooma2 Ø§Ù„Ø§Ø³Ø¹Ø§Ø± Ù…ÙˆØ¬ÙˆØ¯Ù‡ ÙÙŠ Ø§Ù„Ø¨Ø§ÙŠÙˆ,koma.kw,GraphImage,2295232275312533228,en,ar,enar
koma.kw,"1litter available 
Order now via what's app 50260972

#coffee #delivery #coffeelover #coffeetime #latte",-1,3,Ø¨Ø¬Ù… ØŸØŸ,roxa88x,GraphImage,2295231304968560160,en,Emjoi or No Caption,enEmjoi or No Caption
koma.kw,"1litter available 
Order now via what's app 50260972

#coffee #delivery #coffeelover #coffeetime #latte",-1,3,How much??,roxa88x,GraphImage,2295231304968560160,en,en,enen
koma.kw,"1litter available 
Order now via what's app 50260972

#coffee #delivery #coffeelover #coffeetime #latte",-1,3,@roxa88x Ø¨ Ù§ Ø¯Ùƒ Ø®Ù„Ø§Ù„ Ø´Ù‡Ø± Ø±Ù…Ø¶Ø§Ù†,koma.kw,GraphImage,2295231304968560160,en,ar,enar
koma.kw,MEET YOUR COFFEES | #KOMAVibes,-1,1,ğŸ˜ğŸ˜ğŸ˜ğŸ˜,eng.caffeine,GraphImage,2295229910471653306,en,Emjoi or No Caption,enEmjoi or No Caption
koma.kw,SALTED | #KOMAdelivery #latte #coffee #coffeelover #coffeeholic #coffeehouse #delicious #sweet,-1,1,ğŸ‘ğŸ»,coffveetag____,GraphImage,2292107738387400560,en,Emjoi or No Caption,enEmjoi or No Caption
koma.kw,MOCHA MOCHA | #KOMAdelivery #coffee #coffeehouse #coffeelover #mocha #love #delicious,-1,1,@koma.kw check inbox,freakingmakeup_,GraphImage,2289956943109970914,en,en,enen
koma.kw,Spanish latte â­ï¸â­ï¸â­ï¸â­ï¸â­ï¸ | #KOMAdelivery #latte #coffee #coffeelover #coffeeaddict #coffeetime,-1,9,Beautifully simple ğŸ‘,coffeecalamity,GraphImage,2287896608601305046,en,en,enen
koma.kw,Spanish latte â­ï¸â­ï¸â­ï¸â­ï¸â­ï¸ | #KOMAdelivery #latte #coffee #coffeelover #coffeeaddict #coffeetime,-1,9,â¤ï¸,ammaneh_,GraphImage,2287896608601305046,en,Emjoi or No Caption,enEmjoi or No Caption
koma.kw,Spanish latte â­ï¸â­ï¸â­ï¸â­ï¸â­ï¸ | #KOMAdelivery #latte #coffee #coffeelover #coffeeaddict #coffeetime,-1,9,ğŸ˜,3bdallah,GraphImage,2287896608601305046,en,Emjoi or No Caption,enEmjoi or No Caption
koma.kw,Spanish latte â­ï¸â­ï¸â­ï¸â­ï¸â­ï¸ | #KOMAdelivery #latte #coffee #coffeelover #coffeeaddict #coffeetime,-1,9,Ø§Ø­Ø¨ Ø§Ù„Ø§ÙŠØ³Ø¯ Ù„Ø§ØªÙŠÙ‡ Ø§Ù„Ø¹Ø§Ø¯ÙŠ Ø¹Ù†Ø¯ÙƒÙ… â¤ï¸,kounoz_3542,GraphImage,2287896608601305046,en,ar,enar
koma.kw,Spanish latte â­ï¸â­ï¸â­ï¸â­ï¸â­ï¸ | #KOMAdelivery #latte #coffee #coffeelover #coffeeaddict #coffeetime,-1,9,@coffeecalamity ğŸ™ğŸ»,koma.kw,GraphImage,2287896608601305046,en,Emjoi or No Caption,enEmjoi or No Caption
koma.kw,Spanish latte â­ï¸â­ï¸â­ï¸â­ï¸â­ï¸ | #KOMAdelivery #latte #coffee #coffeelover #coffeeaddict #coffeetime,-1,9,@ammaneh_ â¤ï¸,koma.kw,GraphImage,2287896608601305046,en,Emjoi or No Caption,enEmjoi or No Caption
koma.kw,Spanish latte â­ï¸â­ï¸â­ï¸â­ï¸â­ï¸ | #KOMAdelivery #latte #coffee #coffeelover #coffeeaddict #coffeetime,-1,9,@3bdallah â¤ï¸,koma.kw,GraphImage,2287896608601305046,en,Emjoi or No Caption,enEmjoi or No Caption
koma.kw,Spanish latte â­ï¸â­ï¸â­ï¸â­ï¸â­ï¸ | #KOMAdelivery #latte #coffee #coffeelover #coffeeaddict #coffeetime,-1,9,@kounoz_3542 Ø¹Ù„ÙŠÙƒÙ… Ø¨Ø§Ù„Ù Ø¹Ø§ÙÙŠØ© â˜ºï¸,koma.kw,GraphImage,2287896608601305046,en,ar,enar
koma.kw,Spanish latte â­ï¸â­ï¸â­ï¸â­ï¸â­ï¸ | #KOMAdelivery #latte #coffee #coffeelover #coffeeaddict #coffeetime,-1,9,â¤ï¸,gum_taster,GraphImage,2287896608601305046,en,Emjoi or No Caption,enEmjoi or No Caption
koma.kw,BREATHE NUTELLA ğŸ¥ | #KOMAdelivery #food #breakfast #delicious #coffee #coffeeholic,-1,6,ğŸ˜â¤ï¸,gum_taster,GraphImage,2285460455914849241,en,Emjoi or No Caption,enEmjoi or No Caption
koma.kw,BREATHE NUTELLA ğŸ¥ | #KOMAdelivery #food #breakfast #delicious #coffee #coffeeholic,-1,6,@gum_taster â˜ºï¸,koma.kw,GraphImage,2285460455914849241,en,Emjoi or No Caption,enEmjoi or No Caption
koma.kw,BREATHE NUTELLA ğŸ¥ | #KOMAdelivery #food #breakfast #delicious #coffee #coffeeholic,-1,6,"Ø§Ù„Ø³Ù„Ø§Ù… Ø¹Ù„ÙŠÙƒÙ… ÙˆÙŠØ¹Ø·ÙŠÙƒÙ… Ø§Ù„Ø¹Ø§ÙÙŠÙ‡ 
Ø¨ØºÙŠØª Ø§Ø³Ø§Ù„ Ø§Ø°Ø§ Ø¹Ù†Ø¯ÙƒÙ… Ø¹Ø±ÙˆØ¶ ÙˆØ®Ø¯Ù…Ø§Øª Ø­Ù‚ ÙˆØ²Ø§Ø±Ù‡ Ø§Ù„ØµØ­Ù‡ ÙˆØ§Ù„Ø¯Ø§Ø®Ù„ÙŠÙ‡ Ø§Ù„ØµÙÙˆÙ Ø§Ù„Ø§Ù…Ø§Ù…ÙŠÙ‡",ahdalwefa,GraphImage,2285460455914849241,en,ar,enar
koma.kw,BREATHE NUTELLA ğŸ¥ | #KOMAdelivery #food #breakfast #delicious #coffee #coffeeholic,-1,6,"â€Ù„Ù„Ø¯Ø¹Ø§ÙŠØ© Ùˆ Ø§Ù„Ø¥Ø¹Ù„Ø§Ù† Ø¹Ù†Ø¯ @houseofmugs â€Ø­Ø§Ù„ÙŠØ§Ù‹ Ù„Ø¯ÙŠÙ‡Ù… Ø§Ø¹Ù„Ø§Ù†Ø§Øª Ù…Ù† ØºÙŠØ± Ù…Ø¨Ù„Øº â€Ø±Ø§Ø³Ù„ÙˆÙ‡Ù… Ø¹Ù„Ù‰ Ø§Ù„Ø®Ø§Øµ
â€Ø§Ùˆ Ø¹Ù„Ù‰ Ø§Ù„Ø§ÙŠÙ…ÙŠÙ„ houseofmugs.kwt@hotmail.com â€â€For publicity and advertising at @houseofmugs
â€â€ Currently they have ads without payment

Contact them by dm @houseofmugs

Or 
Email â€â€houseofmugs.kwt@hotmail.com",kuwait_on_board,GraphImage,2285460455914849241,en,ar,enar
koma.kw,BREATHE NUTELLA ğŸ¥ | #KOMAdelivery #food #breakfast #delicious #coffee #coffeeholic,-1,6,ğŸ˜,am_blog97,GraphImage,2285460455914849241,en,Emjoi or No Caption,enEmjoi or No Caption
koma.kw,BREATHE NUTELLA ğŸ¥ | #KOMAdelivery #food #breakfast #delicious #coffee #coffeeholic,-1,6,â™¥ï¸,muhammadbaig_official,GraphImage,2285460455914849241,en,Emjoi or No Caption,enEmjoi or No Caption
koma.kw,Croissant ğŸ¥ Zataar | #KOMAdelivery,-1,1,ğŸ˜,am_blog97,GraphImage,2284333449340865213,en,Emjoi or No Caption,enEmjoi or No Caption
koma.kw,BREATHE CHEESE ğŸ§€ | #KOMAdelivery,-1,3,ğŸ˜‹â™¥ï¸,ammaneh_,GraphImage,2283475566441129215,en,Emjoi or No Caption,enEmjoi or No Caption
koma.kw,BREATHE CHEESE ğŸ§€ | #KOMAdelivery,-1,3,@ammaneh_ ğŸŒ·ğŸŒ·,koma.kw,GraphImage,2283475566441129215,en,Emjoi or No Caption,enEmjoi or No Caption
koma.kw,BREATHE CHEESE ğŸ§€ | #KOMAdelivery,-1,3,ğŸ¤¤,am_blog97,GraphImage,2283475566441129215,en,Emjoi or No Caption,enEmjoi or No Caption
koma.kw,PANAMA ğŸ‡µğŸ‡¦ FILTER | #KOMAdelivery,-1,3,Panama ğŸ‡µğŸ‡¦ğŸ˜â˜•ï¸,coffee.life.blog,GraphImage,2281415047500614113,en,en,enen
koma.kw,PANAMA ğŸ‡µğŸ‡¦ FILTER | #KOMAdelivery,-1,3,@coffee.life.blog ğŸ‘ŒğŸ»,koma.kw,GraphImage,2281415047500614113,en,Emjoi or No Caption,enEmjoi or No Caption
koma.kw,PANAMA ğŸ‡µğŸ‡¦ FILTER | #KOMAdelivery,-1,3,ğŸ˜,am_blog97,GraphImage,2281415047500614113,en,Emjoi or No Caption,enEmjoi or No Caption
koma.kw,FILTER COFFEE BEANS | #komadelivery,-1,2,How much?,bi72x,GraphImage,2279738325604660799,en,en,enen
koma.kw,FILTER COFFEE BEANS | #komadelivery,-1,2,@bi72x 5 kd (250 gram),koma.kw,GraphImage,2279738325604660799,en,en,enen
koma.kw,"Nutella | #KOMAdelivery
Ø®ØµÙ… Ù¢Ù¥ÙªØœ Ø¹Ù„Ù‰ ØªØ·Ø¨ÙŠÙ‚ Ø·Ù„Ø¨Ø§Øª 
ØªÙˆØµÙŠÙ„ Ù…Ø¬Ø§Ù†ÙŠ ğŸš—",-1,2,ğŸ¤¤â¤ï¸,the.coffeekw,GraphImage,2277305783978837494,ar,Emjoi or No Caption,arEmjoi or No Caption
koma.kw,"Nutella | #KOMAdelivery
Ø®ØµÙ… Ù¢Ù¥ÙªØœ Ø¹Ù„Ù‰ ØªØ·Ø¨ÙŠÙ‚ Ø·Ù„Ø¨Ø§Øª 
ØªÙˆØµÙŠÙ„ Ù…Ø¬Ø§Ù†ÙŠ ğŸš—",-1,2,@the.coffeekw â¤ï¸â¤ï¸,koma.kw,GraphImage,2277305783978837494,ar,Emjoi or No Caption,arEmjoi or No Caption
koma.kw,"Pistachio | #KOMAdelivery
Ø®ØµÙ… Ù¢Ù¥ÙªØœ Ø¹Ù„Ù‰ ØªØ·Ø¨ÙŠÙ‚ Ø·Ù„Ø¨Ø§Øª 
ØªÙˆØµÙŠÙ„ Ù…Ø¬Ø§Ù†ÙŠ ğŸš—",-1,1,ğŸ˜ğŸ”¥,its_ryo0om,GraphImage,2277305531683168621,ar,Emjoi or No Caption,arEmjoi or No Caption
koma.kw,"Kinder | #KOMAdelivery
Ø®ØµÙ… Ù¢Ù¥ÙªØœ Ø¹Ù„Ù‰ ØªØ·Ø¨ÙŠÙ‚ Ø·Ù„Ø¨Ø§Øª 
ØªÙˆØµÙŠÙ„ Ù…Ø¬Ø§Ù†ÙŠ ğŸš—",-1,1,ğŸ˜ğŸ˜ğŸ˜,its_ryo0om,GraphImage,2277305183254051773,ar,Emjoi or No Caption,arEmjoi or No Caption
koma.kw,FIND US ON COFE APP | #KOMAinfo,-1,3,ğŸ˜ğŸ‘ğŸ¼,the.coffeekw,GraphImage,2274690638932958373,en,Emjoi or No Caption,enEmjoi or No Caption
koma.kw,FIND US ON COFE APP | #KOMAinfo,-1,3,@the.coffeekw ğŸ™ğŸ»,koma.kw,GraphImage,2274690638932958373,en,Emjoi or No Caption,enEmjoi or No Caption
koma.kw,FIND US ON COFE APP | #KOMAinfo,-1,3,ğŸ‘ŒğŸ¼ğŸ‘ŒğŸ¼ğŸ’™,eng.caffeine,GraphImage,2274690638932958373,en,Emjoi or No Caption,enEmjoi or No Caption
koma.kw,GRAB YOUR COFFEE | #KOMAVibes,-1,1,ğŸ˜‹,ammaneh_,GraphImage,2271755836189785738,en,Emjoi or No Caption,enEmjoi or No Caption
koma.kw,HOT CHOCOLATE HONEYMOON ğŸ¯ ğŸŒ | #KOMAVibes,-1,1,ğŸ¤¤â¤ï¸,the.coffeekw,GraphImage,2269727793577237954,en,Emjoi or No Caption,enEmjoi or No Caption
koma.kw,Grab your coffee â˜•ï¸ | #KOMAVibes,-1,2,Ø§Ù„ØµÙˆØ±Ù‡ âœ…ğŸ‘ŒğŸ»,food_testerkw,GraphImage,2269094357908938692,en,ar,enar
koma.kw,Grab your coffee â˜•ï¸ | #KOMAVibes,-1,2,@food_testerkw â¤ï¸â¤ï¸â¤ï¸,koma.kw,GraphImage,2269094357908938692,en,Emjoi or No Caption,enEmjoi or No Caption
koma.kw,Car service available: 50260972 | #KOMAinfo,-1,37,ØµØ¹Ø¹Ø¹Ø¹Ø¹Ø¹Ø¹Ø¨ ğŸ˜â˜•,caffeinemood,GraphVideo,2265769629672718028,en,ar,enar
koma.kw,Car service available: 50260972 | #KOMAinfo,-1,37,Ù†Ø§Ø§Ø§Ø§Ø± ğŸ”¥,craf.ten,GraphVideo,2265769629672718028,en,ar,enar
koma.kw,Car service available: 50260972 | #KOMAinfo,-1,37,ğŸ‘ğŸ‘ğŸ‘,alhdari,GraphVideo,2265769629672718028,en,Emjoi or No Caption,enEmjoi or No Caption
koma.kw,Car service available: 50260972 | #KOMAinfo,-1,37,Ø¨Ø±Ø§ÙÙˆÙˆÙˆÙˆ Ø¨Ø³ Ø§Ù†ØµØ¯Ù…Ø© Ù…Ù† Ø§Ù„ÙÙƒØ±Ø© Ø±Ø§Ø¦Ø¹Ø© ÙˆØ§Ù„Ø£Ø®Ø±Ø§Ø¬ Ø±Ø§Ø¦Ø¹,a_al98re,GraphVideo,2265769629672718028,en,ar,enar
koma.kw,Car service available: 50260972 | #KOMAinfo,-1,37,ğŸ‘ŒğŸ¼ğŸ‘ŒğŸ¼ğŸ‘ğŸ¼ğŸ‘ğŸ¼ğŸ‘ğŸ¼ğŸ‘ğŸ¼ğŸ‘ğŸ¼,eng.caffeine,GraphVideo,2265769629672718028,en,Emjoi or No Caption,enEmjoi or No Caption
koma.kw,Car service available: 50260972 | #KOMAinfo,-1,37,ğŸ”¥ğŸ”¥ğŸ”¥,ayat.shehabq8,GraphVideo,2265769629672718028,en,Emjoi or No Caption,enEmjoi or No Caption
koma.kw,Car service available: 50260972 | #KOMAinfo,-1,37,ğŸ‘ğŸ»ğŸ‘ğŸ»ğŸ‘ğŸ»ğŸ”¥ğŸ”¥ğŸ”¥ğŸ˜ğŸ˜ğŸ˜,mohm.oh99,GraphVideo,2265769629672718028,en,Emjoi or No Caption,enEmjoi or No Caption
koma.kw,Car service available: 50260972 | #KOMAinfo,-1,37,â¤ï¸â¤ï¸â¤ï¸â¤ï¸â¤ï¸â¤ï¸,om_naser_2012,GraphVideo,2265769629672718028,en,Emjoi or No Caption,enEmjoi or No Caption
koma.kw,Car service available: 50260972 | #KOMAinfo,-1,37,ğŸ‘ğŸ»ğŸ‘ğŸ»Ø¹Ø¬ÙŠØ¨,coofetalk,GraphVideo,2265769629672718028,en,ar,enar
koma.kw,Car service available: 50260972 | #KOMAinfo,-1,37,â¤ï¸ğŸ˜,the.coffeekw,GraphVideo,2265769629672718028,en,Emjoi or No Caption,enEmjoi or No Caption
koma.kw,Car service available: 50260972 | #KOMAinfo,-1,37,ğŸ”¥ğŸ”¥â¤,j_a_j,GraphVideo,2265769629672718028,en,Emjoi or No Caption,enEmjoi or No Caption
koma.kw,Car service available: 50260972 | #KOMAinfo,-1,37,ğŸ’ªğŸ˜,j_a_aljaber,GraphVideo,2265769629672718028,en,Emjoi or No Caption,enEmjoi or No Caption
koma.kw,Car service available: 50260972 | #KOMAinfo,-1,37,ğŸ˜ğŸ˜Ù‚ÙˆÙŠÙ‡ ğŸ‘ğŸ»,food_testerkw,GraphVideo,2265769629672718028,en,ar,enar
koma.kw,Car service available: 50260972 | #KOMAinfo,-1,37,ğŸ‘ğŸ¼ğŸ‘ğŸ¼ğŸ‘ğŸ¼ğŸ‘ğŸ¼ğŸ‘ğŸ¼ğŸ˜ğŸ”¥ğŸ”¥,mutarrii,GraphVideo,2265769629672718028,en,Emjoi or No Caption,enEmjoi or No Caption
koma.kw,Car service available: 50260972 | #KOMAinfo,-1,37,Nice,khaled_manea,GraphVideo,2265769629672718028,en,en,enen
koma.kw,Car service available: 50260972 | #KOMAinfo,-1,37,Woooooow naaar â™¥ï¸ @j_a_aljaber,noor_alshamii,GraphVideo,2265769629672718028,en,en,enen
koma.kw,Car service available: 50260972 | #KOMAinfo,-1,37,@alshami_noor â¤ï¸ğŸ’ª,j_a_aljaber,GraphVideo,2265769629672718028,en,Emjoi or No Caption,enEmjoi or No Caption
koma.kw,Car service available: 50260972 | #KOMAinfo,-1,37,Ø¹Ù„Ù‰ Ø¨Ø§Ù„ÙŠ Ø§Ø¹Ù„Ø§Ù† ÙÙ„Ù… ğŸ˜‚ğŸ˜‚,mr.bashar,GraphVideo,2265769629672718028,en,ar,enar
koma.kw,Car service available: 50260972 | #KOMAinfo,-1,37,ğŸ˜ğŸ˜ğŸ˜ğŸ”¥ğŸ”¥,deetrendkw,GraphVideo,2265769629672718028,en,Emjoi or No Caption,enEmjoi or No Caption
koma.kw,Car service available: 50260972 | #KOMAinfo,-1,37,ğŸ”¥ğŸ”¥ğŸ”¥ğŸ”¥ğŸ”¥,jalshami,GraphVideo,2265769629672718028,en,Emjoi or No Caption,enEmjoi or No Caption
koma.kw,Car service available: 50260972 | #KOMAinfo,-1,37,@j_a_aljaber ØµØ­ ÙˆØ§Ù„Ù„Ù‡ Ø¨Ùˆ ÙÙˆØ§Ø² Ø·ÙˆÙ„ Ø¹Ù…Ø±Ùƒ Ù…Ø¨Ø¯Ø¹,b__alali,GraphVideo,2265769629672718028,en,ar,enar
koma.kw,Car service available: 50260972 | #KOMAinfo,-1,37,ğŸ‘ŒğŸ»ğŸ‘ŒğŸ»ğŸ‘ŒğŸ»âœ”ï¸,kwfashionads,GraphVideo,2265769629672718028,en,Emjoi or No Caption,enEmjoi or No Caption
koma.kw,Car service available: 50260972 | #KOMAinfo,-1,37,Ù‚ÙˆÙŠğŸ”¥ğŸ”¥ğŸ”¥ğŸ”¥,cf6co,GraphVideo,2265769629672718028,en,ar,enar
koma.kw,Car service available: 50260972 | #KOMAinfo,-1,37,ğŸ”¥ğŸ‘ğŸ»,mohsen_9,GraphVideo,2265769629672718028,en,Emjoi or No Caption,enEmjoi or No Caption
koma.kw,Car service available: 50260972 | #KOMAinfo,-1,37,Ø§Ø¨Ø¯Ø§Ø§Ø§Ø§Ø§Ø§Ø§Ø§Ø§Ø¹ ğŸŒªğŸŒªğŸŒª,a.alamrh,GraphVideo,2265769629672718028,en,ar,enar
koma.kw,Car service available: 50260972 | #KOMAinfo,-1,37,ğŸ”¥ğŸ”¥ğŸ”¥ğŸ”¥ğŸ”¥,mr_965_,GraphVideo,2265769629672718028,en,Emjoi or No Caption,enEmjoi or No Caption
koma.kw,Car service available: 50260972 | #KOMAinfo,-1,37,Love the ad â™¥ï¸,firestarter_21,GraphVideo,2265769629672718028,en,en,enen
koma.kw,Car service available: 50260972 | #KOMAinfo,-1,37,Ù„ÙƒÙ… ÙˆØ­Ø´Ù‡ ğŸ˜¢ğŸ’™ğŸ’™,kwr_m,GraphVideo,2265769629672718028,en,ar,enar
koma.kw,Car service available: 50260972 | #KOMAinfo,-1,37,@kwr_m â¤ï¸â¤ï¸,koma.kw,GraphVideo,2265769629672718028,en,Emjoi or No Caption,enEmjoi or No Caption
koma.kw,Car service available: 50260972 | #KOMAinfo,-1,37,@a.alamrh ğŸ™ğŸ»,koma.kw,GraphVideo,2265769629672718028,en,Emjoi or No Caption,enEmjoi or No Caption
koma.kw,Car service available: 50260972 | #KOMAinfo,-1,37,@mr_965_ ğŸ™ğŸ»,koma.kw,GraphVideo,2265769629672718028,en,Emjoi or No Caption,enEmjoi or No Caption
koma.kw,Car service available: 50260972 | #KOMAinfo,-1,37,@firestarter_21 â¤ï¸â¤ï¸,koma.kw,GraphVideo,2265769629672718028,en,Emjoi or No Caption,enEmjoi or No Caption
koma.kw,Car service available: 50260972 | #KOMAinfo,-1,37,@mohsen_9 â¤ï¸,koma.kw,GraphVideo,2265769629672718028,en,Emjoi or No Caption,enEmjoi or No Caption
koma.kw,Car service available: 50260972 | #KOMAinfo,-1,37,@mutarrii ğŸ™ğŸ»,koma.kw,GraphVideo,2265769629672718028,en,Emjoi or No Caption,enEmjoi or No Caption
koma.kw,Car service available: 50260972 | #KOMAinfo,-1,37,@food_testerkw â¤ï¸,koma.kw,GraphVideo,2265769629672718028,en,Emjoi or No Caption,enEmjoi or No Caption
koma.kw,Car service available: 50260972 | #KOMAinfo,-1,37,@j_a_aljaber â¤ï¸,koma.kw,GraphVideo,2265769629672718028,en,Emjoi or No Caption,enEmjoi or No Caption
koma.kw,Car service available: 50260972 | #KOMAinfo,-1,37,@the.coffeekw â¤ï¸,koma.kw,GraphVideo,2265769629672718028,en,Emjoi or No Caption,enEmjoi or No Caption
koma.kw,Cappuccino morning | #KOMAVibes,-1,4,ğŸ˜â¤ï¸,the.coffeekw,GraphImage,2262316920084669327,en,Emjoi or No Caption,enEmjoi or No Caption
koma.kw,Cappuccino morning | #KOMAVibes,-1,4,Ø¨Ø§Ø¬Ø± ÙØ§ØªØ­ÙŠÙ†ğŸ™ğŸ»,ftha89_kw,GraphImage,2262316920084669327,en,ar,enar
koma.kw,Cappuccino morning | #KOMAVibes,-1,4,@fbader89_ ÙØ§ØªØ­ÙŠÙ† Ø§Ø³ØªÙ„Ø§Ù… ÙˆØ®Ø¯Ù…Ø© Ø§Ù„Ø³ÙŠØ§Ø±Ø§Øª,koma.kw,GraphImage,2262316920084669327,en,ar,enar
koma.kw,Cappuccino morning | #KOMAVibes,-1,4,ğŸ˜ğŸ˜ğŸ˜ğŸ˜,h.trend.7,GraphImage,2262316920084669327,en,Emjoi or No Caption,enEmjoi or No Caption
koma.kw,Try our organic red tea | #KOMAmood,-1,3,ğŸ˜ğŸ‘,the.coffeekw,GraphImage,2260988956915160367,en,Emjoi or No Caption,enEmjoi or No Caption
koma.kw,Try our organic red tea | #KOMAmood,-1,3,Ø§Ù„ØµÙˆØ±Ø© Ù‚ÙˆÙˆÙˆÙŠØ©,the.coffeekw,GraphImage,2260988956915160367,en,ar,enar
koma.kw,Try our organic red tea | #KOMAmood,-1,3,@the.coffeekw ğŸ™ğŸ»ğŸ™ğŸ»,koma.kw,GraphImage,2260988956915160367,en,Emjoi or No Caption,enEmjoi or No Caption
koma.kw,Nutella weekend vibes | #KOMAVibes,-1,2,ÙŠØ§Ø±ÙŠØª ØªØ±Ø¯ÙˆÙ† ØªÙˆÙØ±ÙˆÙ† ÙƒØ±ÙˆØ§Ø³ÙˆÙ† Ø§Ù„Ù„ÙˆØ² ğŸ™ğŸ»,f6aamy90,GraphImage,2258959914858786450,en,ar,enar
koma.kw,Nutella weekend vibes | #KOMAVibes,-1,2,@f6aamy90 Ø§Ù† Ø´Ø§Ø¡ Ø§Ù„Ù„Ù‡ ğŸ‘ŒğŸ»,koma.kw,GraphImage,2258959914858786450,en,ar,enar
koma.kw,LOVELY MORNING | #KOMAbreakfast,-1,1,Ø¯Ø§ÙŠØ±ÙƒØª,moonvip369,GraphImage,2253673750539149983,en,ar,enar
koma.kw,CHOCOLATE MONDAY | #KOMAVibes,-1,1,Ù…Ù…ÙƒÙ† ØªØ´ÙˆÙÙˆÙ† Ø§Ù„Ø®Ø§Øµ ØŸ,lu_bu_official,GraphImage,2245702521001755730,en,ar,enar
koma.kw,FRIDAY GATHERING | #KOMAvibes,-1,1,ğŸ˜ğŸ¤¤,the.coffeekw,GraphImage,2243728591613336046,en,Emjoi or No Caption,enEmjoi or No Caption
koma.kw,HONEY CAKE VIBES ğŸ¯ | #KOMAVibes,-1,1,â¤ï¸â¤ï¸â¤ï¸,faisal_abdulazizel,GraphImage,2237111532196667134,en,Emjoi or No Caption,enEmjoi or No Caption
koma.kw,NUTELLA BREAK | #KOMAmood,-1,1,ğŸ˜,the.coffeekw,GraphImage,2236256084283220030,en,Emjoi or No Caption,enEmjoi or No Caption
koma.kw,SAFFRON MOOD: ON | #KOMAmood,-1,2,ğŸ˜,the.coffeekw,GraphImage,2235612513993608454,en,Emjoi or No Caption,enEmjoi or No Caption
koma.kw,SAFFRON MOOD: ON | #KOMAmood,-1,2,ğŸ˜ Ø§Ø­Ù„Ù‰ ÙƒÙŠÙƒØ©,kounoz_3542,GraphImage,2235612513993608454,en,ar,enar
koma.kw,"ALL FRESH JUICES
NO ARTIFICIAL PRESERVATIVES 
NO ARTIFICIAL FLAVORS 
USING STEVIA
#KOMAjuices",-1,1,ğŸ‘,1970q81970,GraphImage,2232726682819830037,en,Emjoi or No Caption,enEmjoi or No Caption
koma.kw,"Ù†Ù„Ø®Øµ Ø§Ù‡ØªÙ…Ø§Ù…Ù†Ø§ Ø¨Ù†Ù‚Ø§Ø·:
Ø§Ù„Ø¹ØµØ§Ø¦Ø± Ø·Ø¨ÙŠØ¹ÙŠØ© 
Ù†Ø³ØªØ®Ø¯Ù… Ø¨Ø¯ÙŠÙ„ Ø§Ù„Ø³ÙƒØ± Ø³ØªÙŠÙÙŠØ§
Ø®Ø§Ù„ÙŠ Ù…Ù† Ø§Ù„Ù…ÙˆØ§Ø¯ Ø§Ù„Ø­Ø§ÙØ¸Ø©
Ø®Ø§Ù„ÙŠØ© Ù…Ù† Ø§Ù„Ø£Ù„ÙˆØ§Ù† Ø§Ù„ØµÙ†Ø§Ø¹ÙŠØ© 
#KOMAjuices",-1,1,ğŸ‘ğŸ‘ğŸ‘,1970q81970,GraphImage,2232724235996943597,ar,Emjoi or No Caption,arEmjoi or No Caption
koma.kw,EGGS HASH BROWN AND CHEESE | #KOMAsandwich,-1,4,ğŸ˜,craf.ten,GraphImage,2229125288837764302,en,Emjoi or No Caption,enEmjoi or No Caption
koma.kw,EGGS HASH BROWN AND CHEESE | #KOMAsandwich,-1,4,ğŸ”¥ğŸ”¥,saud12,GraphImage,2229125288837764302,en,Emjoi or No Caption,enEmjoi or No Caption
koma.kw,EGGS HASH BROWN AND CHEESE | #KOMAsandwich,-1,4,ğŸ˜ğŸ˜,alhdari,GraphImage,2229125288837764302,en,Emjoi or No Caption,enEmjoi or No Caption
koma.kw,EGGS HASH BROWN AND CHEESE | #KOMAsandwich,-1,4,ğŸ‘ŒğŸ¼ğŸ‘ŒğŸ¼ğŸ‘ŒğŸ¼ğŸ‘ŒğŸ¼,mooh_92,GraphImage,2229125288837764302,en,Emjoi or No Caption,enEmjoi or No Caption
koma.kw,WORK = DOUBLE SHOT | #KOMAvibes,-1,1,We need triple shot espresso = Sunday,craf.ten,GraphImage,2209285360884845765,en,en,enen
koma.kw,ALMOND OR CHEESE | #KOMAmood,-1,6,Almond ğŸ–¤,mz.magazine,GraphImage,2207408519601267850,en,en,enen
koma.kw,ALMOND OR CHEESE | #KOMAmood,-1,6,Almond Â®ï¸,ministerf,GraphImage,2207408519601267850,en,en,enen
koma.kw,ALMOND OR CHEESE | #KOMAmood,-1,6,Cheese ğŸ”¥ğŸ”¥ğŸ”¥,craf.ten,GraphImage,2207408519601267850,en,en,enen
koma.kw,ALMOND OR CHEESE | #KOMAmood,-1,6,â¤ï¸â¤ï¸â¤ï¸â¤ï¸,1970q81970,GraphImage,2207408519601267850,en,Emjoi or No Caption,enEmjoi or No Caption
koma.kw,ALMOND OR CHEESE | #KOMAmood,-1,6,â™¥ï¸,muhammadbaig_official,GraphImage,2207408519601267850,en,Emjoi or No Caption,enEmjoi or No Caption
koma.kw,ALMOND OR CHEESE | #KOMAmood,-1,6,Cheese,kounoz_3542,GraphImage,2207408519601267850,en,en,enen
koma.kw,WINTER VIBES : HOT CHOCOLATE | #KOMAwinter,-1,7,Lovely Â®ï¸,ministerf,GraphImage,2204646190388226226,en,en,enen
koma.kw,WINTER VIBES : HOT CHOCOLATE | #KOMAwinter,-1,7,ğŸ”¥ğŸ”¥,craf.ten,GraphImage,2204646190388226226,en,Emjoi or No Caption,enEmjoi or No Caption
koma.kw,WINTER VIBES : HOT CHOCOLATE | #KOMAwinter,-1,7,ğŸ˜ğŸ˜ğŸ˜ğŸ˜ğŸ˜ğŸ˜ğŸ˜ğŸ˜ğŸ˜ğŸ˜,a7med_alm,GraphImage,2204646190388226226,en,Emjoi or No Caption,enEmjoi or No Caption
koma.kw,WINTER VIBES : HOT CHOCOLATE | #KOMAwinter,-1,7,ğŸ˜ğŸ˜«,saalmuneer,GraphImage,2204646190388226226,en,Emjoi or No Caption,enEmjoi or No Caption
koma.kw,WINTER VIBES : HOT CHOCOLATE | #KOMAwinter,-1,7,ğŸ˜Ø­Ø³Ø§Ø¨ÙƒÙ… Ù…Ù…ÙŠØ² Ù†ØªØ´Ø±Ù Ø¨Ø§Ù„Ù…Ø±ÙˆØ± Ø¨Ø­Ø³Ø§Ø¨ÙƒÙ…ğŸ˜,chalet_kwa,GraphImage,2204646190388226226,en,ar,enar
koma.kw,WINTER VIBES : HOT CHOCOLATE | #KOMAwinter,-1,7,Ø§Ù‚ÙˆÙ‰ Ù‡ÙˆØª Ø¬ÙˆÙƒÙ„Øª Ø¨Ø§Ù„ÙƒÙˆÙˆÙˆÙˆÙˆÙˆÙ† ğŸ‘ğŸ‘ğŸ‘ğŸ‘,om_naser_2012,GraphImage,2204646190388226226,en,ar,enar
koma.kw,WINTER VIBES : HOT CHOCOLATE | #KOMAwinter,-1,7,@om_naser_2012 â¤ï¸â¤ï¸â¤ï¸,koma.kw,GraphImage,2204646190388226226,en,Emjoi or No Caption,enEmjoi or No Caption
koma.kw,FAMOUS CAPPUCCINO | #KOMAvibes,-1,5,Ù…Ù† Ø§Ø­Ù„Ù‰ Ø§Ù„Ù‚Ù‡Ø§ÙˆÙŠ Ø§Ù„Ù„ÙŠ Ø¬Ø±Ø¨ØªÙ‡Ù… ØŒ â¤ï¸,hoj.brand,GraphImage,2201708063197534986,en,ar,enar
koma.kw,FAMOUS CAPPUCCINO | #KOMAvibes,-1,5,ğŸ”¥ğŸ”¥,faisal_abdulazizel,GraphImage,2201708063197534986,en,Emjoi or No Caption,enEmjoi or No Caption
koma.kw,FAMOUS CAPPUCCINO | #KOMAvibes,-1,5,ğŸ˜ Ø£Ù‚ÙˆÙ‰ Ù‚Ù‡ÙˆÙ‡ Ø¨Ø§Ù„ÙƒÙˆÙŠØª,3bdallah,GraphImage,2201708063197534986,en,ar,enar
koma.kw,FAMOUS CAPPUCCINO | #KOMAvibes,-1,5,Ø£Ù‚ÙˆÙŠ Ù‚Ù‡ÙˆÙ‡ Ø¹Ù†Ø¯ÙƒÙ…,ghadeeralhasm,GraphImage,2201708063197534986,en,ar,enar
koma.kw,FAMOUS CAPPUCCINO | #KOMAvibes,-1,5,@saad_10_q8,3dol_q8,GraphImage,2201708063197534986,en,Emjoi or No Caption,enEmjoi or No Caption
koma.kw,ART | #KOMAmood,-1,3,ğŸ”¥ğŸ”¥ğŸ”¥,ebraalfouzan,GraphImage,2199420284543450033,en,Emjoi or No Caption,enEmjoi or No Caption
koma.kw,ART | #KOMAmood,-1,3,@ebraalfouzan ğŸ™ğŸ»,koma.kw,GraphImage,2199420284543450033,en,Emjoi or No Caption,enEmjoi or No Caption
koma.kw,ART | #KOMAmood,-1,3,Article ğŸ”¥,craf.ten,GraphImage,2199420284543450033,en,en,enen
koma.kw,Choose your prefer milk ğŸ¥›| #KOMAway,-1,8,@alsarah,coofetalk,GraphImage,2193763922824393859,en,Emjoi or No Caption,enEmjoi or No Caption
koma.kw,Choose your prefer milk ğŸ¥›| #KOMAway,-1,8,Fullfat ğŸ”¥,3bdallah,GraphImage,2193763922824393859,en,en,enen
koma.kw,Choose your prefer milk ğŸ¥›| #KOMAway,-1,8,Ø§Ø®ÙŠØ±Ø§ almond milk,aalselim,GraphImage,2193763922824393859,en,ar,enar
koma.kw,Choose your prefer milk ğŸ¥›| #KOMAway,-1,8,@3bdallah ğŸ‘ŒğŸ»,koma.kw,GraphImage,2193763922824393859,en,Emjoi or No Caption,enEmjoi or No Caption
koma.kw,Choose your prefer milk ğŸ¥›| #KOMAway,-1,8,@aalselim ğŸ˜,koma.kw,GraphImage,2193763922824393859,en,Emjoi or No Caption,enEmjoi or No Caption
koma.kw,Choose your prefer milk ğŸ¥›| #KOMAway,-1,8,Skimmed ğŸ‘Œ,latte_lover.kw,GraphImage,2193763922824393859,en,en,enen
koma.kw,Choose your prefer milk ğŸ¥›| #KOMAway,-1,8,ğŸ‘ğŸ‘ğŸ‘,blog.gahwa,GraphImage,2193763922824393859,en,Emjoi or No Caption,enEmjoi or No Caption
koma.kw,Choose your prefer milk ğŸ¥›| #KOMAway,-1,8,@mnera2x,alhabashl,GraphImage,2193763922824393859,en,Emjoi or No Caption,enEmjoi or No Caption
koma.kw,FLAT WHITE ğŸŠğŸ»â€â™‚ï¸ | #KOMAmood,-1,1,ğŸ˜ğŸ˜ğŸ˜ğŸ˜ğŸ˜ğŸ˜,caffeinemood,GraphImage,2156559989131584363,en,Emjoi or No Caption,enEmjoi or No Caption
koma.kw,I ORCHESTRATE MY MORNINGS TO THE TUNE OF COFFEE | #KOMAmood,-1,2,â¤ï¸,blog.gahwa,GraphImage,2149977873543564164,en,Emjoi or No Caption,enEmjoi or No Caption
koma.kw,I ORCHESTRATE MY MORNINGS TO THE TUNE OF COFFEE | #KOMAmood,-1,2,Good luck ğŸŒº,nourax25,GraphImage,2149977873543564164,en,en,enen
koma.kw,MAGIC BEANS ğŸ—¿ | #KOMAinfo,-1,2,ğŸ˜Ø­Ø³Ø§Ø¨ÙƒÙ… Ù…Ù…ÙŠØ² Ù†ØªØ´Ø±Ù Ø¨Ø§Ù„Ù…Ø±ÙˆØ± Ø¨Ø­Ø³Ø§Ø¨ÙƒÙ…ğŸ˜,chalet_kwa,GraphImage,2147419545286016889,en,ar,enar
koma.kw,MAGIC BEANS ğŸ—¿ | #KOMAinfo,-1,2,Ù…Ù…ÙƒÙ† ØªØ±Ø¯ÙˆÙ† Ø¹Ù„ÙŠÙ†Ø§ Ø®Ø§Øµ,mk6xx_,GraphImage,2147419545286016889,en,ar,enar
koma.kw,WAITING THE WINTER ğŸ¥¶ | #KOMAvibes,-1,4,Ø¡Ø¡,753.ko,GraphImage,2145864223442341440,en,ar,enar
koma.kw,WAITING THE WINTER ğŸ¥¶ | #KOMAvibes,-1,4,Ø´Ù†Ù‡ÙŠ Ø§Ù‡ÙŠØ§ Ø§Ù„ÙƒÙˆÙ…Ù‡ØŸ! ğŸ¤­ğŸŒš @lulu_baroun @zmaarafie @amon_mulla90 @zanobahman @thephaii,zainabalmahdi85,GraphImage,2145864223442341440,en,ar,enar
koma.kw,WAITING THE WINTER ğŸ¥¶ | #KOMAvibes,-1,4,@zainabalmahdi85 Ù‡ÙŠ Ø§Ù„Ø§Ù…Ø§Ø§Ø§Ù† Ùˆ Ø§Ù„Ø§Ø³ØªÙ‚Ø±Ø§Ø± ğŸ¥´ğŸ¥´,zmaarafie,GraphImage,2145864223442341440,en,ar,enar
koma.kw,WAITING THE WINTER ğŸ¥¶ | #KOMAvibes,-1,4,@zainabalmahdi85 ÙƒÙˆÙ…Ø§ Ø§Ù‡ÙŠ Ø§Ù„Ø­ÙŠØ§Ø§Ø§Ø§Ø§Ø§Ø©!! Ø§Ù‡ÙŠ Ø§Ù„Ø§Ù…Ø§Ø§Ø§Ø§Ø§Ø§Ø§Ø§Ø§Ø§Ø§Ù†,lulu_baroun,GraphImage,2145864223442341440,en,ar,enar
koma.kw,TRY KOMA | #KOMAvibes,-1,4,ğŸ‘Œ,noonphotoz,GraphVideo,2142323810798481695,en,Emjoi or No Caption,enEmjoi or No Caption
koma.kw,TRY KOMA | #KOMAvibes,-1,4,ğŸ”¥ğŸ”¥ğŸ”¥ğŸ”¥ğŸ”¥ğŸ”¥,mariiamalmutairi,GraphVideo,2142323810798481695,en,Emjoi or No Caption,enEmjoi or No Caption
koma.kw,TRY KOMA | #KOMAvibes,-1,4,Ø¨Ø±Ø§Ø§Ø§Ø§Ø§ÙÙˆÙˆÙˆÙˆÙˆÙˆ Ø§Ù„ØªØµÙˆÙŠØ± ğŸ‘ğŸ‘,mohammedmqs,GraphVideo,2142323810798481695,en,ar,enar
koma.kw,TRY KOMA | #KOMAvibes,-1,4,Ù…Ù…Ù…Ù…Ù… Ø´ÙŠ ÙŠØ¯ÙŠØ¯,faisal_abdulazizel,GraphVideo,2142323810798481695,en,ar,enar
koma.kw,BREW FEELING| #KOMAvibes,-1,4,Ø§Ù…Ù…Ù…Ù…Ù…Ù…Ù…,faisal_abdulazizel,GraphImage,2139057740121843059,en,ar,enar
koma.kw,BREW FEELING| #KOMAvibes,-1,4,ğŸ‹ğŸ˜,wahabaalali,GraphImage,2139057740121843059,en,Emjoi or No Caption,enEmjoi or No Caption
koma.kw,BREW FEELING| #KOMAvibes,-1,4,Ù„Ù…Ù†ÙŠ Ø¨Ø´ÙˆÙ‚ ÙˆØ¥Ø­Ø¶Ù†ÙŠ ÙˆØ³ÙƒÙ† Ø±Ø¬ÙØ© Ø¶Ù„ÙˆØ¹ÙŠğŸ˜,aalselim,GraphImage,2139057740121843059,en,ar,enar
koma.kw,BREW FEELING| #KOMAvibes,-1,4,ğŸ˜ğŸ˜ğŸ˜ğŸ˜,mohammedmqs,GraphImage,2139057740121843059,en,Emjoi or No Caption,enEmjoi or No Caption
koma.kw,ITS TIME TO CEREAL TOFFEE LATTE | #KOMAmood,-1,1,some much ğŸ˜¶late,faisal_abdulazizel,GraphImage,2123177547830602929,en,en,enen
koma.kw,ğŸ¥ Zataar anyone's? | #KOMAtest,-1,5,ğŸ˜‹,wahabaalali,GraphImage,2120987300501789212,en,Emjoi or No Caption,enEmjoi or No Caption
koma.kw,ğŸ¥ Zataar anyone's? | #KOMAtest,-1,5,Ø§Ù†Ø§Ø§Ø§Ø§Ø§ ğŸ‘‹ğŸ» Ù…Ù† Ø¹Ø´Ø§Ù‚ Ø§Ù„Ø²Ø¹ØªØ± â¤ï¸ğŸ˜©,a__sip,GraphImage,2120987300501789212,en,ar,enar
koma.kw,ğŸ¥ Zataar anyone's? | #KOMAtest,-1,5,ğŸ˜»ğŸ˜»ğŸ˜»ğŸ˜»ğŸ˜»,a7med_alm,GraphImage,2120987300501789212,en,Emjoi or No Caption,enEmjoi or No Caption
koma.kw,ğŸ¥ Zataar anyone's? | #KOMAtest,-1,5,Ù…Ø§Ù„Øª Ø¹Ø¶Ø¶Ø¶ğŸ˜,bader_alhusainan,GraphImage,2120987300501789212,en,ar,enar
koma.kw,ğŸ¥ Zataar anyone's? | #KOMAtest,-1,5,@a__sip âœ‹ğŸ»ğŸ¥°,coffee_drips_,GraphImage,2120987300501789212,en,Emjoi or No Caption,enEmjoi or No Caption
koma.kw,MORNING ROUTINE ğŸŒ| #KOMAmiod,-1,5,â¤ï¸ğŸ‘Œ,aturki9,GraphImage,2115222939665443612,en,Emjoi or No Caption,enEmjoi or No Caption
koma.kw,MORNING ROUTINE ğŸŒ| #KOMAmiod,-1,5,ğŸ˜ğŸ”¥,kdousari,GraphImage,2115222939665443612,en,Emjoi or No Caption,enEmjoi or No Caption
koma.kw,MORNING ROUTINE ğŸŒ| #KOMAmiod,-1,5,â¤ï¸,bader_alhusainan,GraphImage,2115222939665443612,en,Emjoi or No Caption,enEmjoi or No Caption
koma.kw,MORNING ROUTINE ğŸŒ| #KOMAmiod,-1,5,ÙŠØ§Ø§Ø§Ø§Ø§Ù‡ Ø´ÙƒÙ„Ù‡ ÙƒØ§ÙÙŠ Ø§Ù†Ù‡ ÙŠØ¹Ø¯Ù„ Ø§Ù„Ù…Ø²Ø§Ø¬ Ù…Ù…Ù…Ù…Ù…Ù…Ù…ğŸ˜¶,faisal_abdulazizel,GraphImage,2115222939665443612,en,ar,enar
koma.kw,MORNING ROUTINE ğŸŒ| #KOMAmiod,-1,5,ğŸ˜»ğŸ˜»ğŸ˜»ğŸ˜»ğŸ˜»ğŸ˜»ğŸ˜»,a7med_alm,GraphImage,2115222939665443612,en,Emjoi or No Caption,enEmjoi or No Caption
koma.kw,Ø´Ù†Ùˆ Ù‚Ù‡ÙˆØªÙƒ Ø¨Ø¹Ø¯ Ø§Ù„ØºØ¯Ø§ ØŸ | #KOMAask,-1,5,cold press,faisal_abdulazizel,GraphImage,2112480762623449444,ar,en,aren
koma.kw,Ø´Ù†Ùˆ Ù‚Ù‡ÙˆØªÙƒ Ø¨Ø¹Ø¯ Ø§Ù„ØºØ¯Ø§ ØŸ | #KOMAask,-1,5,ÙƒÙˆÙ„Ø¯ Ø¨Ø±Ùˆ Ø¨Ø³ Ù‚Ø¨Ù„ ÙƒÙ„ Ø´ÙŠ Ù„Ø§Ø²Ù… ÙŠÙ†Ø²Ù„ Ø§Ù„Ø­Ù„ÙˆÙˆÙˆÙˆ ğŸ˜ğŸ˜,t_almutairi,GraphImage,2112480762623449444,ar,ar,arar
koma.kw,Ø´Ù†Ùˆ Ù‚Ù‡ÙˆØªÙƒ Ø¨Ø¹Ø¯ Ø§Ù„ØºØ¯Ø§ ØŸ | #KOMAask,-1,5,Ù‚Ù‡ÙˆÙ‡ Ø¹Ø±Ø¨ÙŠÙ‡,kdousari,GraphImage,2112480762623449444,ar,ar,arar
koma.kw,Ø´Ù†Ùˆ Ù‚Ù‡ÙˆØªÙƒ Ø¨Ø¹Ø¯ Ø§Ù„ØºØ¯Ø§ ØŸ | #KOMAask,-1,5,Ø¹Ø±Ø¨ÙŠØ©ğŸ‘ğŸ¼,bader_alhusainan,GraphImage,2112480762623449444,ar,ar,arar
koma.kw,Ø´Ù†Ùˆ Ù‚Ù‡ÙˆØªÙƒ Ø¨Ø¹Ø¯ Ø§Ù„ØºØ¯Ø§ ØŸ | #KOMAask,-1,5,V60,coofetalk,GraphImage,2112480762623449444,ar,en,aren
koma.kw,ALMOND CROISSANTS ğŸ¥ | #KOMAvibes,-1,5,Ù…ØºØ±Ù…Ø´,aturki9,GraphImage,2110821089465899462,en,ar,enar
koma.kw,ALMOND CROISSANTS ğŸ¥ | #KOMAvibes,-1,5,ğŸ˜‹,bader_alhusainan,GraphImage,2110821089465899462,en,Emjoi or No Caption,enEmjoi or No Caption
koma.kw,ALMOND CROISSANTS ğŸ¥ | #KOMAvibes,-1,5,Ø¬Ø¯Ø¯Ø§Ù‹ Ù„Ø°ÙŠØ° ğŸ˜ğŸ˜ğŸ˜ğŸ˜,a7med_alm,GraphImage,2110821089465899462,en,ar,enar
koma.kw,ALMOND CROISSANTS ğŸ¥ | #KOMAvibes,-1,5,Ù…Ú†ÙƒÙ†Ù…,t_almutairi,GraphImage,2110821089465899462,en,ar,enar
koma.kw,ALMOND CROISSANTS ğŸ¥ | #KOMAvibes,-1,5,the next level corwason,faisal_abdulazizel,GraphImage,2110821089465899462,en,en,enen
koma.kw,CHEMEX FEELS | #KOMAmood,-1,2,â¤ï¸,bader_alhusainan,GraphImage,2106036268575453928,en,Emjoi or No Caption,enEmjoi or No Caption
koma.kw,CHEMEX FEELS | #KOMAmood,-1,2,Ø¨Ø±Ø³ØªÙŠØ¬,faisal_abdulazizel,GraphImage,2106036268575453928,en,ar,enar
koma.kw,STOCKHOLDER |#KOMAmood,-1,2,â¤ï¸,bader_alhusainan,GraphImage,2104588533120754905,en,Emjoi or No Caption,enEmjoi or No Caption
koma.kw,STOCKHOLDER |#KOMAmood,-1,2,Ø§Ù†Ù‡ Ø§Ù„Ø¨Ù† ÙŠØ§ÙˆÙ„Ø¯,faisal_abdulazizel,GraphImage,2104588533120754905,en,ar,enar
koma.kw,FRESH STARTER | #KOMAmood,-1,2,ğŸ˜‹,bader_alhusainan,GraphImage,2099261210070668335,en,Emjoi or No Caption,enEmjoi or No Caption
koma.kw,FRESH STARTER | #KOMAmood,-1,2,Ø§Ù„ÙŠÙˆÙ… Ø¨Ø§Ù„Ø¯ÙˆØ§Ù… Ø¹Ø§Ø¯ ÙƒØ±ÙˆØ³Ø§Ù† Ø¬Ø¨Ù† Ùˆ Ø§ØºÙ…Ø³Ù‡ Ø¨Ø¹Ø³Ù„ Ø§Ø¨ÙŠØ¶ Ù‚Ø±Ù‚ÙŠØ²Ø³ØªØ§Ù†ÙŠ,faisal_abdulazizel,GraphImage,2099261210070668335,en,ar,enar
koma.kw,BEACH ğŸ– FEELS | #KOMAsummer,-1,6,ğŸ˜‹,bader_alhusainan,GraphImage,2095059210630213350,en,Emjoi or No Caption,enEmjoi or No Caption
koma.kw,BEACH ğŸ– FEELS | #KOMAsummer,-1,6,ğŸ’™ğŸ˜,wahabaalali,GraphImage,2095059210630213350,en,Emjoi or No Caption,enEmjoi or No Caption
koma.kw,BEACH ğŸ– FEELS | #KOMAsummer,-1,6,ğŸ˜ğŸ˜ğŸ˜ğŸ˜ğŸ˜ğŸ˜ğŸ˜,a7med_alm,GraphImage,2095059210630213350,en,Emjoi or No Caption,enEmjoi or No Caption
koma.kw,BEACH ğŸ– FEELS | #KOMAsummer,-1,6,ğŸ’™ğŸ˜ğŸ’™ğŸ˜ğŸ’™ğŸ˜,a__sip,GraphImage,2095059210630213350,en,Emjoi or No Caption,enEmjoi or No Caption
koma.kw,BEACH ğŸ– FEELS | #KOMAsummer,-1,6,Ø§Ù…Ù…Ù…Ù…Ù…Ù…Ù…Ù…Ù…,faisal_abdulazizel,GraphImage,2095059210630213350,en,ar,enar
koma.kw,BEACH ğŸ– FEELS | #KOMAsummer,-1,6,ğŸ˜,findpanda_kw,GraphImage,2095059210630213350,en,Emjoi or No Caption,enEmjoi or No Caption
koma.kw,LOCATION ğŸ“| #KOMAvibes,-1,3,@khalid57x,rubah.alshammari,GraphImage,2089162452804940757,en,Emjoi or No Caption,enEmjoi or No Caption
koma.kw,LOCATION ğŸ“| #KOMAvibes,-1,3,ÙˆÙŠÙ† Ù…ÙƒØ§Ù†ÙƒÙ…,sandstorm6600,GraphImage,2089162452804940757,en,ar,enar
koma.kw,LOCATION ğŸ“| #KOMAvibes,-1,3,@sandstorm6600 Ø§Ù„Ù„Ù†Ùƒ Ù…ÙˆØ¬ÙˆØ¯ ÙÙŠ Ø§Ù„Ø¨Ø§ÙŠÙˆ - Ø§Ù„Ø³ÙŠÙ,koma.kw,GraphImage,2089162452804940757,en,ar,enar
koma.kw,FEELING GOOD | #KOMAsummer,-1,3,ğŸ”¥ğŸ”¥,aturki9,GraphImage,2087752089681166762,en,Emjoi or No Caption,enEmjoi or No Caption
koma.kw,FEELING GOOD | #KOMAsummer,-1,3,â¤ï¸,bader_alhusainan,GraphImage,2087752089681166762,en,Emjoi or No Caption,enEmjoi or No Caption
koma.kw,FEELING GOOD | #KOMAsummer,-1,3,ğŸ”¥ğŸ”¥ğŸ”¥,a__sip,GraphImage,2087752089681166762,en,Emjoi or No Caption,enEmjoi or No Caption
koma.kw,HAWAIIAN MOOD ğŸŒ| #KOMAsummer,-1,1,Ù…Ø§Ù‡Ø°Ø§....ØŸ cold press,faisal_abdulazizel,GraphImage,2085487855467270508,en,ar,enar
koma.kw,TAKE A BREAK | #KOMAmood,-1,4,ğŸ˜ğŸ˜ğŸ˜ğŸ˜ğŸ‘Œ,a__sip,GraphImage,2083562957182467352,en,Emjoi or No Caption,enEmjoi or No Caption
koma.kw,TAKE A BREAK | #KOMAmood,-1,4,ğŸ‘ğŸ»Â®ï¸,ministerf,GraphImage,2083562957182467352,en,Emjoi or No Caption,enEmjoi or No Caption
koma.kw,TAKE A BREAK | #KOMAmood,-1,4,ğŸ˜ğŸ˜,aturki9,GraphImage,2083562957182467352,en,Emjoi or No Caption,enEmjoi or No Caption
koma.kw,TAKE A BREAK | #KOMAmood,-1,4,â¤ï¸ğŸ‘ğŸ¼,bader_alhusainan,GraphImage,2083562957182467352,en,Emjoi or No Caption,enEmjoi or No Caption
koma.kw,Saturday brew vibes | #KOMAmood,-1,2,ğŸ‘ŒğŸ‘Œ,aturki9,GraphImage,2082110831382185797,en,Emjoi or No Caption,enEmjoi or No Caption
koma.kw,Saturday brew vibes | #KOMAmood,-1,2,â¤ï¸,bader_alhusainan,GraphImage,2082110831382185797,en,Emjoi or No Caption,enEmjoi or No Caption
koma.kw,FRESH NEEDS | #KOMAsummer,-1,2,Ø§Ù…ÙŠØ²ÙŠÙ†Ù‚,mohammedzzzz,GraphImage,2075616669250048391,en,ar,enar
koma.kw,FRESH NEEDS | #KOMAsummer,-1,2,ÙŠØ¨ÙŠÙ„Ù‡ Ù…Ø¹ Ø§Ù„Ø­Ø±ğŸ”¥,bader_alhusainan,GraphImage,2075616669250048391,en,ar,enar
koma.kw,KEEP FRESH | #KOMAsummer,-1,3,â¤ï¸ğŸ”¥,bader_alhusainan,GraphImage,2072599471585749902,en,Emjoi or No Caption,enEmjoi or No Caption
koma.kw,KEEP FRESH | #KOMAsummer,-1,3,ğŸ˜ğŸ˜,caffeinemood,GraphImage,2072599471585749902,en,Emjoi or No Caption,enEmjoi or No Caption
koma.kw,KEEP FRESH | #KOMAsummer,-1,3,ÙØ±ÙØ´Ù†ÙŠ ğŸ˜ğŸ˜ğŸ˜,t_almutairi,GraphImage,2072599471585749902,en,ar,enar
koma.kw,REDUCE THE TEMPERATURE | #KOMAsummer,-1,2,Ø§ÙŠ ÙˆØ§Ù„Ù„Ù‡ ğŸ˜,wahabaalali,GraphImage,2070443834554628575,en,ar,enar
koma.kw,REDUCE THE TEMPERATURE | #KOMAsummer,-1,2,ğŸ˜‹ğŸ‘ğŸ¼,bader_alhusainan,GraphImage,2070443834554628575,en,Emjoi or No Caption,enEmjoi or No Caption
koma.kw,"NEW SUMMER DRINK ğŸ¹ 
MOJITO | #KOMAsummer",-1,3,ÙŠØ¨ÙŠÙ„Ù‡ Ø¨Ø§Ø¬Ø±ğŸ˜ğŸ‘ŒğŸ»,aalselim,GraphImage,2066247526658643545,en,ar,enar
koma.kw,"NEW SUMMER DRINK ğŸ¹ 
MOJITO | #KOMAsummer",-1,3,Pool ğŸ”¥,wahabaalali,GraphImage,2066247526658643545,en,en,enen
koma.kw,"NEW SUMMER DRINK ğŸ¹ 
MOJITO | #KOMAsummer",-1,3,ğŸ’”,bader_alhusainan,GraphImage,2066247526658643545,en,Emjoi or No Caption,enEmjoi or No Caption
koma.kw,HOLD SUMMER ğŸŒ AND DRINK ICE AMERICANO | #komamood,-1,2,ğŸ˜‹,bader_alhusainan,GraphImage,2061765095625055226,en,Emjoi or No Caption,enEmjoi or No Caption
koma.kw,HOLD SUMMER ğŸŒ AND DRINK ICE AMERICANO | #komamood,-1,2,ÙŠØ§Ù„Ù„Ù‡...ğŸ˜¶,faisal_abdulazizel,GraphImage,2061765095625055226,en,ar,enar
koma.kw,Missing early vibes â˜•ï¸ | #KOMAmood,-1,4,Ø¹ÙŠØ¯ÙƒÙ… Ù…Ø¨Ø§Ø±ÙƒğŸ‰,bader_alhusainan,GraphImage,2058779555283821133,en,ar,enar
koma.kw,Missing early vibes â˜•ï¸ | #KOMAmood,-1,4,Ø§Ø®ÙŠØ±Ø§ Ù‚Ù‡ÙˆØ© Ø§Ù„ØµØ¨Ø§Ø­ ğŸ˜,wahabaalali,GraphImage,2058779555283821133,en,ar,enar
koma.kw,Missing early vibes â˜•ï¸ | #KOMAmood,-1,4,ğŸ˜ğŸ˜,coofetalk,GraphImage,2058779555283821133,en,Emjoi or No Caption,enEmjoi or No Caption
koma.kw,Missing early vibes â˜•ï¸ | #KOMAmood,-1,4,Ù…Ø±Ø­Ø¨Ø§ ØªØ¨ÙŠØ¹ÙˆÙ† Ù‚Ù‡ÙˆÙ‡ Ø­Ø¨ÙˆØ¨ ØŸ,q8maas,GraphImage,2058779555283821133,en,ar,enar
koma.kw,TIME TO REALITY | #KOMAmood,-1,2,ğŸ˜‹,bader_alhusainan,GraphImage,2053256271138018956,en,Emjoi or No Caption,enEmjoi or No Caption
koma.kw,TIME TO REALITY | #KOMAmood,-1,2,ğŸ˜,bo.shaibah,GraphImage,2053256271138018956,en,Emjoi or No Caption,enEmjoi or No Caption
koma.kw,RAMADAN VIBES flat white | #KOMAmood,-1,2,ğŸ˜â¤ï¸,coofetalk,GraphImage,2047412449447324051,en,Emjoi or No Caption,enEmjoi or No Caption
koma.kw,RAMADAN VIBES flat white | #KOMAmood,-1,2,Can i guys sponsor you ğŸ™ğŸ¼â¤ï¸,yaykw_,GraphImage,2047412449447324051,en,en,enen
koma.kw,EXPERIENCE | #KOMAmood,-1,7,ğŸ‘ğŸ’›,humbakw,GraphImage,2042272384698063666,en,Emjoi or No Caption,enEmjoi or No Caption
koma.kw,EXPERIENCE | #KOMAmood,-1,7,Ø£Ù†Ø§ Ø¹Ù…ÙŠÙ„ Ù„Ø¨ÙŠØª Ø§Ù„ØªÙ…ÙˆÙŠÙ„ Ø§Ø¨ÙŠ Ù‚Ù‡ÙˆØ©,mohammed20201123,GraphImage,2042272384698063666,en,ar,enar
koma.kw,EXPERIENCE | #KOMAmood,-1,7,@mohammed31211 Ø­ÙŠØ§ÙƒÙ… Ø§Ù„Ù„Ù‡,koma.kw,GraphImage,2042272384698063666,en,ar,enar
koma.kw,EXPERIENCE | #KOMAmood,-1,7,Ù…ØªÙ‰ ÙŠÙ†ØªÙ‡ÙŠ Ø§Ù„Ø¹Ø±Ø¶,omsalooomwgoood,GraphImage,2042272384698063666,en,ar,enar
koma.kw,EXPERIENCE | #KOMAmood,-1,7,@omsalooomwgoood Ø§Ù†ØªÙ‡Ù‰,koma.kw,GraphImage,2042272384698063666,en,ar,enar
koma.kw,EXPERIENCE | #KOMAmood,-1,7,ÙÙŠ ÙƒØ§ØªØ±ÙŠÙ†Ø¬,noorahao,GraphImage,2042272384698063666,en,ar,enar
koma.kw,EXPERIENCE | #KOMAmood,-1,7,@noorahao Ù‚Ø±ÙŠØ¨ Ø§Ù† Ø´Ø§Ø¡ Ø§Ù„Ù„Ù‡,koma.kw,GraphImage,2042272384698063666,en,ar,enar
koma.kw,SPECIALITY CUPPUTCHINO | #KOMAsigneture,-1,1,ğŸ‘ğŸ¼,bader_alhusainan,GraphImage,2038008904629461949,en,Emjoi or No Caption,enEmjoi or No Caption
koma.kw,GOLDEN BROWN | #KOMAmood,-1,1,ğŸ˜ğŸ˜ğŸ˜,caffeinemood,GraphImage,2034112423082098390,en,Emjoi or No Caption,enEmjoi or No Caption
koma.kw,KOMA PB | #KOMAsegnature #peanutbutter,-1,1,Ø¯Ø§ÙŠØ±ÙƒØª,moonvip369,GraphImage,2032911101679012818,en,ar,enar
koma.kw,QUALITY | #KOMABeans,-1,1,ÙŠØ¨ÙŠÙ„Ù‡ ÙÙ„Ø§Øª ÙˆØ§ÙŠØª Â®ï¸,ministerf,GraphImage,2030727948319232097,en,ar,enar
koma.kw,CHOCOLATERIE | #KOMAmood,-1,1,ğŸ¤¦ğŸ»â€â™€ï¸â™¥ï¸,theowner.sal,GraphImage,2029650095951430733,en,Emjoi or No Caption,enEmjoi or No Caption
